-- MySQL dump 10.13  Distrib 5.7.26, for Linux (x86_64)
--
-- Host: localhost    Database: test_db
-- ------------------------------------------------------
-- Server version	5.7.26-0ubuntu0.18.10.1

/*!40101 SET @OLD_CHARACTER_SET_CLIENT=@@CHARACTER_SET_CLIENT */;
/*!40101 SET @OLD_CHARACTER_SET_RESULTS=@@CHARACTER_SET_RESULTS */;
/*!40101 SET @OLD_COLLATION_CONNECTION=@@COLLATION_CONNECTION */;
/*!40101 SET NAMES utf8 */;
/*!40103 SET @OLD_TIME_ZONE=@@TIME_ZONE */;
/*!40103 SET TIME_ZONE='+00:00' */;
/*!40014 SET @OLD_UNIQUE_CHECKS=@@UNIQUE_CHECKS, UNIQUE_CHECKS=0 */;
/*!40014 SET @OLD_FOREIGN_KEY_CHECKS=@@FOREIGN_KEY_CHECKS, FOREIGN_KEY_CHECKS=0 */;
/*!40101 SET @OLD_SQL_MODE=@@SQL_MODE, SQL_MODE='NO_AUTO_VALUE_ON_ZERO' */;
/*!40111 SET @OLD_SQL_NOTES=@@SQL_NOTES, SQL_NOTES=0 */;

--
-- Table structure for table `Address`
--

DROP TABLE IF EXISTS `Address`;
/*!40101 SET @saved_cs_client     = @@character_set_client */;
/*!40101 SET character_set_client = utf8 */;
CREATE TABLE `Address` (
  `id` mediumint(8) unsigned NOT NULL AUTO_INCREMENT,
  `Country` varchar(100) COLLATE latin1_general_ci DEFAULT NULL,
  `City` varchar(255) COLLATE latin1_general_ci DEFAULT NULL,
  `Address` varchar(255) COLLATE latin1_general_ci DEFAULT NULL,
  PRIMARY KEY (`id`)
) ENGINE=InnoDB AUTO_INCREMENT=101 DEFAULT CHARSET=latin1 COLLATE=latin1_general_ci;
/*!40101 SET character_set_client = @saved_cs_client */;

--
-- Dumping data for table `Address`
--

LOCK TABLES `Address` WRITE;
/*!40000 ALTER TABLE `Address` DISABLE KEYS */;
INSERT INTO `Address` VALUES (1,'Ecuador','Rivière-du-Loup','Ap #696-9140 Risus. Rd.'),(2,'South Sudan','Smithers','205-1879 Vitae, St.'),(3,'French Southern Territories','Conselice','129-2806 Donec St.'),(4,'Rwanda','Lanklaar','P.O. Box 150, 4913 Et Street'),(5,'Angola','Eugene','375 Urna, Rd.'),(6,'Puerto Rico','Sluis','P.O. Box 877, 8420 Justo. Ave'),(7,'Bosnia and Herzegovina','Lelystad','2395 Nonummy Street'),(8,'Gibraltar','Vanier','731-1947 At, Rd.'),(9,'Macao','Alma','Ap #416-4849 Cum Av.'),(10,'El Salvador','Inverbervie','P.O. Box 620, 4307 Rutrum Avenue'),(11,'Sweden','Hulshout','286-7310 Aliquet, Av.'),(12,'Western Sahara','Ebenthal in Kärnten','4046 Malesuada Road'),(13,'Zambia','Breton','P.O. Box 368, 797 Quis Av.'),(14,'Armenia','GŽrompont','852-7285 Arcu. Street'),(15,'Sao Tome and Principe','Cisnes','Ap #392-5825 Nunc, St.'),(16,'South Sudan','Darbhanga','Ap #760-3241 Justo Rd.'),(17,'Timor-Leste','Pugwash','366-1208 Orci. Avenue'),(18,'Papua New Guinea','Boncelles','Ap #661-1852 Metus. Ave'),(19,'Northern Mariana Islands','Narbolia','465-1789 Curabitur Street'),(20,'Northern Mariana Islands','Passau','P.O. Box 123, 5665 Nisl Street'),(21,'Côte D\'Ivoire (Ivory Coast)','Waiuku','588-9822 Blandit. Rd.'),(22,'Benin','Fernie','Ap #683-5191 Nunc Avenue'),(23,'Somalia','Kano','Ap #184-4642 Enim. Av.'),(24,'Tanzania','Hawera','5552 Erat. St.'),(25,'Canada','Campobasso','P.O. Box 944, 3656 Turpis Rd.'),(26,'Latvia','North Cowichan','7035 Dolor Road'),(27,'Turkey','Kavaratti','P.O. Box 410, 7055 Ac Road'),(28,'Bonaire, Sint Eustatius and Saba','Petorca','P.O. Box 687, 1904 Vestibulum St.'),(29,'Nepal','São José','Ap #229-8659 Nunc Av.'),(30,'Angola','Samsun','979-7722 Lorem Street'),(31,'Turkey','Karnal','P.O. Box 643, 6294 Mi Rd.'),(32,'Sierra Leone','Halisahar','1593 Sodales Rd.'),(33,'Saint Barthélemy','Merritt','P.O. Box 102, 1139 Tellus Ave'),(34,'Ecuador','Coalhurst','P.O. Box 808, 4697 In Rd.'),(35,'Malaysia','Temuco','553-1820 Libero. Rd.'),(36,'Turkmenistan','Fernie','658-722 Netus Rd.'),(37,'American Samoa','Springfield','P.O. Box 460, 864 Gravida Av.'),(38,'Greenland','Burnpur','1407 Tempus Rd.'),(39,'Uganda','San Felipe','915-8502 Ultrices Rd.'),(40,'United Kingdom (Great Britain)','Bridgnorth','Ap #558-9843 Ut, Road'),(41,'Macedonia','Weston-super-Mare','P.O. Box 788, 5471 Adipiscing. Rd.'),(42,'Djibouti','Verrayes','111-6639 Eu, Street'),(43,'Cape Verde','Nethen','243-9894 Montes, Road'),(44,'Senegal','Rattray','P.O. Box 889, 9055 Quam Avenue'),(45,'Estonia','Rio de Janeiro','2251 Sem Street'),(46,'Kazakhstan','Spijkenisse','429-5100 Nunc Avenue'),(47,'Malawi','Goderich','427-678 Pharetra Ave'),(48,'Andorra','Beersel','Ap #518-542 Vitae Rd.'),(49,'Morocco','Emines','Ap #397-2406 Metus. Av.'),(50,'Nicaragua','Portree','645-9861 Magna. Avenue'),(51,'Peru','Ospedaletto Lodigiano','4035 Ornare Av.'),(52,'Madagascar','Seevetal','8362 Arcu St.'),(53,'Kazakhstan','Sangli','Ap #455-3408 Ut Road'),(54,'Macao','Cambiago','P.O. Box 379, 9289 Morbi St.'),(55,'Cuba','Forres','375-709 In Ave'),(56,'Bouvet Island','Lions Bay','7929 Nisl Rd.'),(57,'Uzbekistan','Haren','345-1979 Consectetuer Street'),(58,'Turkmenistan','Hindeloopen','594-3304 Elit. Avenue'),(59,'Norfolk Island','Canberra','544-2597 Scelerisque St.'),(60,'Côte D\'Ivoire (Ivory Coast)','Cranbrook','Ap #294-9804 Risus Avenue'),(61,'Hong Kong','El Bosque','633-8951 Duis Av.'),(62,'Namibia','Habay-la-Neuve','3640 Sapien. Rd.'),(63,'Faroe Islands','Pretoro','644-5798 Risus. Av.'),(64,'Maldives','North Dum Dum','P.O. Box 654, 4908 Duis Av.'),(65,'San Marino','Ramillies','P.O. Box 905, 2629 Tellus. Rd.'),(66,'Mexico','Pulderbos','677-4466 Quam. Av.'),(67,'Maldives','Córdoba','8863 Et Street'),(68,'Moldova','Le Puy-en-Velay','2568 Aenean St.'),(69,'Bermuda','Morrinsville','Ap #857-9180 Molestie Rd.'),(70,'Bulgaria','Labrecque','333-2201 Nostra, St.'),(71,'Macao','Candela','Ap #849-2795 Varius Rd.'),(72,'Mauritania','Bekkerzeel','9597 Eget, Street'),(73,'Croatia','Halle','Ap #539-6050 Lorem. Av.'),(74,'Christmas Island','Lake Cowichan','107 Massa. Rd.'),(75,'Antigua and Barbuda','Senneville','Ap #996-2295 Ipsum Road'),(76,'Haiti','Nakusp','9508 Odio Rd.'),(77,'Burkina Faso','St. John\'s','763-2530 Urna, Av.'),(78,'Bangladesh','Bearberry','122-6894 Venenatis Street'),(79,'Switzerland','Ninhue','4795 Lacus. Ave'),(80,'Korea, South','Meldert','Ap #175-5281 Odio. Road'),(81,'Samoa','San Sostene','Ap #896-2376 Rutrum, St.'),(82,'Serbia','Telde','P.O. Box 575, 8339 Euismod Road'),(83,'Slovenia','Renfrew','Ap #612-3705 Nam Ave'),(84,'Faroe Islands','Gentbrugge','3332 Phasellus Rd.'),(85,'Sierra Leone','Bad Kreuznach','Ap #185-9720 Suspendisse Street'),(86,'India','Modena','666-3925 Amet, Rd.'),(87,'Grenada','Mellet','Ap #144-3938 Sodales Rd.'),(88,'Japan','Coaldale','P.O. Box 478, 3131 Lorem, Street'),(89,'Åland Islands','Villafranca Tirrena','180-3557 Porttitor Ave'),(90,'Senegal','Vitacura','1847 Sed Street'),(91,'Guam','Lunel','P.O. Box 874, 1501 Nibh. Rd.'),(92,'Bahamas','Aurillac','611-8489 Aliquet St.'),(93,'French Guiana','Halkirk','504 Ultrices Street'),(94,'Hong Kong','Tocopilla','P.O. Box 405, 6222 Sit Road'),(95,'Madagascar','Zelem','P.O. Box 178, 3126 Feugiat. Av.'),(96,'United States','Falerone','P.O. Box 796, 533 Hendrerit St.'),(97,'Turkmenistan','Schore','Ap #219-4251 Urna. St.'),(98,'New Zealand','Zaventem','Ap #958-7418 Lorem Street'),(99,'Andorra','Campbellton','Ap #877-6316 Proin Avenue'),(100,'Kazakhstan','Pierrefonds','3313 Duis St.');
/*!40000 ALTER TABLE `Address` ENABLE KEYS */;
UNLOCK TABLES;

--
-- Table structure for table `Orders`
--

DROP TABLE IF EXISTS `Orders`;
/*!40101 SET @saved_cs_client     = @@character_set_client */;
/*!40101 SET character_set_client = utf8 */;
CREATE TABLE `Orders` (
  `id` mediumint(8) unsigned NOT NULL AUTO_INCREMENT,
  `User_ID` mediumint(9) DEFAULT NULL,
  `Total_sum` varchar(100) COLLATE latin1_general_ci DEFAULT NULL,
  `Date` varchar(255) COLLATE latin1_general_ci DEFAULT NULL,
  PRIMARY KEY (`id`)
) ENGINE=InnoDB AUTO_INCREMENT=301 DEFAULT CHARSET=latin1 COLLATE=latin1_general_ci;
/*!40101 SET character_set_client = @saved_cs_client */;

--
-- Dumping data for table `Orders`
--

LOCK TABLES `Orders` WRITE;
/*!40000 ALTER TABLE `Orders` DISABLE KEYS */;
INSERT INTO `Orders` VALUES (1,36,'$202.10','2018-12-03 12:06:45'),(2,88,'$413.59','2019-04-27 13:40:11'),(3,94,'$430.13','2019-01-15 17:58:19'),(4,66,'$785.62','2018-05-24 04:08:50'),(5,93,'$99.42','2018-12-18 03:12:03'),(6,28,'$669.89','2018-11-12 22:55:41'),(7,13,'$89.66','2018-09-06 03:08:42'),(8,12,'$198.35','2018-12-01 20:19:47'),(9,91,'$325.94','2018-08-28 16:30:29'),(10,58,'$865.68','2019-01-31 03:11:08'),(11,67,'$671.72','2018-09-01 19:07:43'),(12,80,'$442.97','2018-11-25 20:52:30'),(13,79,'$383.30','2019-01-17 13:56:35'),(14,24,'$745.11','2018-10-07 16:19:58'),(15,91,'$653.40','2019-04-28 10:26:49'),(16,60,'$688.13','2019-02-11 00:58:14'),(17,8,'$556.71','2019-01-28 08:30:46'),(18,83,'$794.98','2019-01-22 01:54:35'),(19,89,'$295.15','2019-03-07 19:49:10'),(20,54,'$29.47','2019-01-21 18:25:44'),(21,29,'$270.71','2018-08-02 18:28:04'),(22,85,'$301.42','2018-08-12 02:40:46'),(23,54,'$608.54','2018-07-18 02:31:20'),(24,70,'$500.30','2018-07-13 12:15:29'),(25,87,'$870.70','2019-03-26 00:01:39'),(26,22,'$307.84','2019-01-05 18:03:04'),(27,39,'$704.08','2019-02-08 19:00:04'),(28,91,'$932.06','2018-05-17 12:26:29'),(29,98,'$153.77','2018-08-17 15:01:20'),(30,67,'$546.27','2018-11-27 10:59:28'),(31,39,'$639.14','2018-08-12 00:58:55'),(32,50,'$127.56','2019-03-25 02:44:04'),(33,84,'$44.81','2018-11-15 23:16:56'),(34,26,'$159.61','2018-05-18 10:26:05'),(35,63,'$865.55','2018-10-25 22:02:47'),(36,37,'$865.90','2019-01-14 18:38:07'),(37,96,'$480.83','2018-05-17 04:05:05'),(38,66,'$206.64','2019-04-28 23:03:51'),(39,5,'$490.65','2018-07-04 15:42:08'),(40,26,'$399.58','2019-04-10 07:21:54'),(41,23,'$144.28','2018-08-16 23:12:30'),(42,26,'$546.49','2018-10-01 03:47:52'),(43,19,'$807.44','2019-04-12 22:00:58'),(44,60,'$100.14','2018-07-02 16:54:19'),(45,89,'$468.16','2018-07-17 21:15:22'),(46,52,'$305.16','2018-10-27 09:01:54'),(47,66,'$634.34','2018-06-08 02:12:55'),(48,89,'$675.49','2019-03-07 00:40:14'),(49,28,'$761.81','2018-11-29 18:33:31'),(50,43,'$152.67','2018-12-13 13:11:30'),(51,69,'$608.59','2018-08-21 12:55:22'),(52,77,'$507.07','2019-03-03 05:44:38'),(53,38,'$6.00','2019-02-09 05:52:52'),(54,22,'$922.07','2018-09-08 09:58:09'),(55,94,'$170.36','2018-09-09 19:08:11'),(56,4,'$831.01','2018-11-04 08:46:58'),(57,44,'$64.21','2019-04-15 03:48:28'),(58,67,'$488.00','2019-04-18 06:45:10'),(59,95,'$833.58','2019-02-19 02:15:27'),(60,45,'$607.73','2018-05-10 17:55:27'),(61,2,'$358.85','2018-06-16 01:08:39'),(62,45,'$180.03','2018-12-02 02:34:09'),(63,70,'$743.33','2019-04-02 02:20:55'),(64,60,'$348.82','2018-06-07 22:56:25'),(65,18,'$132.46','2018-08-09 06:13:51'),(66,16,'$889.21','2019-04-28 07:14:44'),(67,95,'$54.24','2019-02-20 20:52:15'),(68,49,'$205.07','2019-01-15 03:12:09'),(69,78,'$801.16','2018-06-19 17:12:38'),(70,44,'$647.98','2018-12-26 22:40:31'),(71,29,'$759.62','2018-12-02 02:11:34'),(72,79,'$97.13','2018-08-13 19:56:52'),(73,10,'$221.51','2019-01-22 05:27:51'),(74,74,'$138.26','2019-01-12 15:43:07'),(75,21,'$898.44','2019-04-06 15:34:30'),(76,80,'$311.47','2019-02-16 22:29:59'),(77,24,'$310.63','2019-01-02 02:43:07'),(78,27,'$280.63','2018-09-02 10:53:50'),(79,94,'$136.68','2018-11-14 09:46:16'),(80,55,'$470.80','2018-11-21 20:02:58'),(81,88,'$876.52','2018-10-12 07:15:44'),(82,2,'$726.33','2018-07-01 11:01:30'),(83,43,'$813.08','2018-11-01 01:31:08'),(84,39,'$571.56','2018-09-18 05:37:36'),(85,91,'$251.68','2019-04-18 20:05:47'),(86,40,'$596.67','2019-04-13 07:18:06'),(87,18,'$58.16','2018-08-04 00:41:29'),(88,72,'$65.74','2019-02-22 17:28:20'),(89,48,'$101.02','2018-10-29 18:32:23'),(90,74,'$633.39','2019-04-01 01:57:07'),(91,39,'$443.46','2018-11-25 00:17:48'),(92,62,'$434.75','2019-03-21 21:04:47'),(93,57,'$146.22','2018-12-26 22:12:09'),(94,36,'$42.20','2018-08-24 21:57:07'),(95,14,'$894.72','2019-02-13 04:04:22'),(96,19,'$380.74','2019-03-27 20:41:43'),(97,60,'$137.73','2018-09-03 19:37:34'),(98,71,'$507.00','2018-09-02 09:19:25'),(99,37,'$305.50','2018-08-14 11:23:39'),(100,66,'$993.22','2019-01-05 01:21:36'),(101,59,'$863.18','2018-06-13 19:15:52'),(102,70,'$661.80','2018-05-24 12:34:16'),(103,29,'$829.25','2018-08-24 21:23:40'),(104,61,'$526.28','2018-05-11 14:08:22'),(105,91,'$522.44','2018-10-04 22:07:50'),(106,76,'$466.27','2018-09-17 22:16:48'),(107,58,'$75.00','2018-11-26 07:51:02'),(108,52,'$983.78','2018-06-07 06:51:01'),(109,22,'$564.79','2019-02-07 05:03:47'),(110,1,'$19.98','2018-07-26 22:27:26'),(111,8,'$901.66','2018-07-24 21:36:39'),(112,57,'$483.47','2018-05-19 23:45:00'),(113,92,'$853.85','2019-04-11 18:02:35'),(114,16,'$608.94','2019-03-21 18:38:06'),(115,24,'$593.40','2018-05-21 13:37:19'),(116,82,'$390.60','2018-07-29 01:04:37'),(117,59,'$754.81','2018-11-19 09:54:19'),(118,98,'$776.87','2018-07-07 09:17:10'),(119,89,'$567.74','2018-05-16 18:52:58'),(120,65,'$204.85','2018-05-27 16:56:02'),(121,77,'$987.77','2018-09-14 06:05:33'),(122,80,'$884.88','2018-06-30 06:46:25'),(123,16,'$245.90','2018-11-29 05:50:37'),(124,72,'$10.64','2018-09-20 09:12:45'),(125,20,'$680.81','2018-08-17 19:12:52'),(126,40,'$25.24','2018-10-01 14:46:06'),(127,100,'$699.29','2019-04-16 17:43:59'),(128,6,'$610.52','2018-08-03 12:23:40'),(129,34,'$653.72','2018-06-01 23:11:45'),(130,23,'$657.91','2018-12-02 07:01:45'),(131,66,'$712.65','2018-11-02 21:17:34'),(132,80,'$452.90','2019-02-04 23:12:49'),(133,8,'$952.39','2018-05-06 10:24:33'),(134,78,'$818.97','2018-05-20 03:59:44'),(135,84,'$788.77','2018-11-30 16:04:06'),(136,55,'$308.08','2018-07-16 18:33:29'),(137,43,'$271.83','2018-12-12 11:03:07'),(138,90,'$683.79','2018-08-02 13:36:56'),(139,44,'$747.67','2018-11-07 20:49:56'),(140,78,'$284.68','2018-10-04 11:36:32'),(141,16,'$837.60','2018-09-30 19:35:01'),(142,31,'$210.37','2019-04-04 08:43:06'),(143,33,'$270.54','2018-06-04 13:22:58'),(144,26,'$679.79','2018-10-01 04:46:35'),(145,88,'$437.89','2019-01-05 16:01:05'),(146,31,'$75.08','2018-09-26 00:09:24'),(147,17,'$972.84','2018-07-03 08:01:27'),(148,36,'$974.18','2018-05-17 21:25:20'),(149,13,'$821.92','2019-01-06 04:29:00'),(150,90,'$992.02','2018-08-20 20:41:11'),(151,3,'$620.93','2018-05-17 09:41:44'),(152,96,'$711.68','2018-09-06 15:54:36'),(153,98,'$745.04','2018-09-09 16:37:10'),(154,8,'$601.83','2018-07-30 12:12:00'),(155,38,'$905.54','2018-11-15 00:17:22'),(156,15,'$898.35','2018-07-20 09:46:47'),(157,70,'$121.14','2019-05-01 18:19:52'),(158,75,'$849.87','2019-04-03 03:17:33'),(159,22,'$180.52','2018-07-06 12:23:24'),(160,94,'$671.41','2019-01-20 11:08:35'),(161,21,'$8.97','2018-12-22 21:40:15'),(162,69,'$872.64','2018-10-11 04:45:29'),(163,4,'$367.44','2018-06-05 14:48:15'),(164,63,'$285.80','2019-03-30 12:49:15'),(165,27,'$61.16','2019-02-10 02:58:23'),(166,33,'$72.44','2019-02-26 17:14:11'),(167,38,'$414.46','2018-08-15 13:03:26'),(168,67,'$382.64','2019-02-18 00:12:31'),(169,18,'$414.12','2018-08-22 23:47:19'),(170,65,'$571.82','2018-10-12 09:54:36'),(171,88,'$888.06','2018-05-27 18:47:25'),(172,68,'$484.33','2018-05-12 02:51:52'),(173,57,'$644.30','2019-02-20 00:46:53'),(174,78,'$969.92','2018-10-12 16:01:58'),(175,73,'$628.14','2018-05-20 13:45:01'),(176,31,'$711.59','2018-11-20 05:47:55'),(177,43,'$281.07','2019-02-17 15:12:04'),(178,16,'$673.60','2018-09-20 13:31:03'),(179,7,'$377.89','2018-10-30 12:49:58'),(180,52,'$416.08','2018-12-19 16:55:46'),(181,87,'$469.78','2018-11-29 03:23:28'),(182,39,'$284.31','2018-11-08 20:19:21'),(183,21,'$162.84','2018-11-20 07:47:04'),(184,29,'$744.17','2018-06-21 18:02:43'),(185,73,'$158.55','2018-09-29 02:22:28'),(186,64,'$174.75','2019-03-16 19:09:20'),(187,85,'$693.65','2018-06-14 15:28:20'),(188,2,'$491.05','2018-05-16 22:23:17'),(189,2,'$953.92','2018-05-18 07:15:43'),(190,32,'$876.63','2018-12-17 01:42:44'),(191,1,'$861.76','2018-09-23 14:54:52'),(192,80,'$413.72','2018-05-30 03:49:44'),(193,93,'$958.54','2018-06-28 04:16:41'),(194,40,'$899.18','2018-09-22 23:40:18'),(195,39,'$980.55','2018-08-28 01:23:26'),(196,98,'$935.37','2019-01-16 22:56:02'),(197,39,'$334.95','2019-01-27 22:20:28'),(198,34,'$380.33','2018-05-09 16:21:15'),(199,92,'$314.58','2019-04-03 05:26:12'),(200,37,'$627.83','2018-11-17 23:23:38'),(201,2,'$426.30','2018-05-14 00:32:00'),(202,83,'$663.21','2018-05-29 13:41:54'),(203,49,'$48.81','2019-01-14 04:33:34'),(204,50,'$975.15','2019-02-17 01:49:58'),(205,62,'$565.60','2018-08-27 18:44:24'),(206,55,'$437.32','2018-08-26 21:10:33'),(207,70,'$12.81','2019-02-19 10:59:46'),(208,53,'$372.13','2018-05-31 23:06:50'),(209,83,'$468.49','2018-09-03 19:16:25'),(210,59,'$568.53','2018-11-11 06:42:23'),(211,49,'$349.86','2018-08-09 06:10:42'),(212,55,'$841.13','2018-10-02 02:51:13'),(213,41,'$366.09','2018-08-02 08:53:25'),(214,32,'$857.23','2019-03-25 09:44:29'),(215,25,'$242.87','2019-01-03 08:44:56'),(216,83,'$621.00','2018-09-27 09:38:30'),(217,68,'$310.93','2019-04-23 06:44:03'),(218,70,'$200.53','2019-02-17 06:10:35'),(219,41,'$439.48','2018-09-13 11:33:38'),(220,60,'$724.51','2019-04-26 02:01:20'),(221,97,'$592.21','2018-11-12 07:16:54'),(222,2,'$531.80','2018-08-20 23:39:55'),(223,77,'$45.73','2018-10-31 03:35:42'),(224,11,'$929.28','2019-03-09 14:54:48'),(225,29,'$374.30','2018-11-30 01:04:05'),(226,24,'$529.52','2019-05-01 16:05:21'),(227,2,'$183.29','2019-03-18 08:03:59'),(228,31,'$363.36','2018-10-25 02:38:12'),(229,69,'$659.67','2018-12-08 16:42:53'),(230,19,'$297.35','2018-05-31 11:16:18'),(231,60,'$799.22','2018-09-08 14:57:13'),(232,32,'$957.40','2018-12-17 11:28:03'),(233,56,'$806.01','2018-10-10 05:35:14'),(234,22,'$570.11','2018-05-12 09:44:50'),(235,93,'$602.36','2018-07-29 09:42:02'),(236,47,'$226.17','2018-08-10 19:01:51'),(237,68,'$294.80','2018-10-20 06:07:47'),(238,24,'$256.96','2019-02-13 07:35:26'),(239,79,'$37.96','2018-10-03 06:57:33'),(240,94,'$85.50','2018-06-13 04:16:12'),(241,75,'$72.18','2019-02-18 19:04:16'),(242,85,'$952.18','2019-01-24 07:42:19'),(243,23,'$610.73','2019-04-27 21:00:42'),(244,70,'$740.56','2018-09-30 06:29:52'),(245,40,'$659.50','2019-03-08 08:01:26'),(246,30,'$788.93','2019-03-03 04:26:56'),(247,38,'$946.10','2018-09-14 19:10:46'),(248,66,'$613.01','2018-08-24 20:00:39'),(249,34,'$95.70','2018-05-14 14:16:41'),(250,15,'$814.64','2018-06-21 09:02:32'),(251,91,'$346.81','2018-08-10 19:35:39'),(252,65,'$399.87','2019-02-16 02:18:40'),(253,70,'$595.82','2018-06-09 14:00:35'),(254,79,'$364.81','2019-03-28 03:19:16'),(255,17,'$973.53','2018-05-22 00:16:58'),(256,42,'$91.45','2018-09-23 15:08:28'),(257,99,'$180.23','2019-04-13 05:14:49'),(258,33,'$89.83','2018-07-05 21:07:54'),(259,23,'$760.55','2018-11-01 12:19:31'),(260,21,'$106.07','2019-02-19 10:03:34'),(261,8,'$945.89','2018-11-08 19:33:54'),(262,34,'$561.79','2019-04-03 07:29:22'),(263,13,'$673.37','2019-01-22 05:28:59'),(264,39,'$682.58','2019-01-08 10:40:07'),(265,10,'$150.60','2018-12-01 14:12:42'),(266,49,'$68.86','2019-01-02 11:56:00'),(267,77,'$296.90','2018-08-17 10:58:15'),(268,53,'$374.59','2018-12-25 22:52:38'),(269,33,'$418.17','2018-09-19 18:10:56'),(270,33,'$416.54','2018-05-29 13:39:13'),(271,98,'$148.71','2018-08-22 16:02:20'),(272,51,'$557.41','2018-11-28 16:16:20'),(273,37,'$846.64','2018-12-05 23:43:53'),(274,9,'$803.90','2018-06-09 03:44:21'),(275,84,'$412.60','2019-01-18 08:33:08'),(276,91,'$325.17','2018-06-12 03:22:04'),(277,25,'$898.66','2018-11-17 19:52:32'),(278,25,'$953.67','2018-06-24 20:46:39'),(279,47,'$601.86','2018-09-22 04:53:08'),(280,33,'$596.78','2018-07-31 09:39:46'),(281,17,'$113.74','2019-04-03 14:49:17'),(282,22,'$511.80','2018-11-13 10:34:30'),(283,71,'$419.64','2018-12-23 21:26:23'),(284,14,'$14.48','2018-11-07 12:48:41'),(285,30,'$443.92','2018-09-02 12:12:54'),(286,32,'$347.67','2018-06-26 06:23:04'),(287,73,'$63.98','2018-10-25 15:07:04'),(288,4,'$96.34','2019-02-26 14:33:45'),(289,49,'$49.01','2018-05-22 20:30:01'),(290,62,'$240.62','2018-07-17 19:39:43'),(291,15,'$682.47','2018-12-15 11:26:46'),(292,60,'$733.56','2018-08-23 12:13:17'),(293,89,'$617.42','2018-08-26 09:21:22'),(294,43,'$860.86','2018-09-01 22:13:54'),(295,50,'$255.33','2018-06-05 17:52:28'),(296,60,'$991.60','2018-08-23 22:45:22'),(297,21,'$368.91','2018-05-06 10:39:57'),(298,51,'$83.07','2018-06-21 10:25:42'),(299,91,'$21.60','2018-12-28 00:27:27'),(300,44,'$282.70','2018-11-18 19:57:53');
/*!40000 ALTER TABLE `Orders` ENABLE KEYS */;
UNLOCK TABLES;

--
-- Table structure for table `Users`
--

DROP TABLE IF EXISTS `Users`;
/*!40101 SET @saved_cs_client     = @@character_set_client */;
/*!40101 SET character_set_client = utf8 */;
CREATE TABLE `Users` (
  `id` mediumint(8) unsigned NOT NULL AUTO_INCREMENT,
  `Name` varchar(255) COLLATE latin1_general_ci DEFAULT NULL,
  `Email` varchar(255) COLLATE latin1_general_ci DEFAULT NULL,
  `Address_ID` mediumint(9) DEFAULT NULL,
  `Phone` varchar(100) COLLATE latin1_general_ci DEFAULT NULL,
  PRIMARY KEY (`id`)
) ENGINE=InnoDB AUTO_INCREMENT=101 DEFAULT CHARSET=latin1 COLLATE=latin1_general_ci;
/*!40101 SET character_set_client = @saved_cs_client */;

--
-- Dumping data for table `Users`
--

LOCK TABLES `Users` WRITE;
/*!40000 ALTER TABLE `Users` DISABLE KEYS */;
INSERT INTO `Users` VALUES (1,'Barrett Buck','malesuada.ut.sem@ametanteVivamus.net',1,'47471336'),(2,'Oren George','arcu.Morbi.sit@natoque.com',2,'07633244'),(3,'Mufutau Anderson','fringilla.euismod.enim@veliteget.ca',3,'58913965'),(4,'Sawyer Norris','nec.diam.Duis@Pellentesque.ca',40,'15175609'),(5,'Lane Murphy','cursus@mollislectuspede.net',5,'20985327'),(6,'Len Navarro','Nullam@gravidaPraesenteu.edu',6,'22785773'),(7,'Abbot Parks','lobortis@ornare.ca',7,'66679427'),(8,'Noel Cruz','egestas.blandit.Nam@ullamcorpereueuismod.edu',8,'86384771'),(9,'Brock Duke','neque.non@egestasnunc.ca',9,'57081279'),(10,'Lars Gomez','nibh.sit.amet@natoque.edu',10,'20298572'),(11,'Lyle Hunt','diam.luctus@euturpis.co.uk',11,'99770671'),(12,'Risa Alston','enim.non.nisi@facilisis.org',12,'62451082'),(13,'Alfonso Guerra','semper@lobortis.org',13,'30632776'),(14,'Edward Olson','facilisis.eget@Phasellusin.edu',14,'06443049'),(15,'Hayley Sparks','auctor@ametconsectetuer.ca',15,'25650671'),(16,'Kareem Baxter','Aliquam.adipiscing@iaculislacuspede.net',16,'93700336'),(17,'Bo Ware','neque@id.ca',17,'21121517'),(18,'Honorato Ingram','scelerisque.lorem@malesuadavel.co.uk',18,'30236647'),(19,'Otto Allison','tincidunt.Donec@imperdiet.ca',19,'99556700'),(20,'Mia Leblanc','fermentum.risus@vel.co.uk',20,'14374752'),(21,'Hollee Bauer','arcu.Curabitur.ut@acfermentum.edu',21,'54494870'),(22,'Martin Lott','lacus@magnis.edu',22,'89338907'),(23,'Sage Richardson','augue@arcu.com',23,'42928912'),(24,'Shellie Morales','litora.torquent.per@ante.edu',24,'47601190'),(25,'Lesley Rutledge','eu.arcu.Morbi@auctorullamcorper.co.uk',25,'63451751'),(26,'Aquila Lowery','luctus.Curabitur@Maecenasiaculis.org',26,'47285211'),(27,'Seth Whitehead','gravida.molestie@ut.edu',27,'67687637'),(28,'Dalton Glenn','Cras@auctorMauris.com',28,'09450283'),(29,'Felix Haynes','Duis@adipiscing.co.uk',29,'61847375'),(30,'Daquan Dixon','molestie.tellus@Naminterdum.com',30,'87642935'),(31,'Edward Kim','blandit.mattis@ac.ca',31,'70798283'),(32,'Jordan Simon','elementum.dui@Cras.edu',32,'17898553'),(33,'Molly Callahan','facilisis@lectusconvallisest.edu',33,'91805189'),(34,'Miranda Golden','mi@eleifendnecmalesuada.org',34,'81689490'),(35,'Leilani Foster','libero.Integer@enim.edu',35,'86265552'),(36,'Ruby Huffman','erat.eget.tincidunt@consequatdolor.com',36,'50918841'),(37,'Drew William','orci.Ut@Mauris.ca',37,'23597858'),(38,'Elmo Knox','pretium.neque@Aeneanmassa.ca',38,'31125072'),(39,'Ishmael Kelly','augue@sed.org',39,'36507410'),(40,'Lydia Mendez','hendrerit.id@lacusNullatincidunt.com',4,'10904362'),(41,'Rosalyn Dudley','Aenean.gravida.nunc@orciluctus.ca',41,'77086834'),(42,'Emmanuel Mathews','tincidunt.pede.ac@auctor.org',42,'75457081'),(43,'Mannix Battle','hendrerit@convallisante.co.uk',43,'43949217'),(44,'Hunter Chan','quis.arcu.vel@mifringillami.net',44,'14422552'),(45,'Alexis Snider','mattis@miDuis.org',45,'86266110'),(46,'Kaden Miles','aliquet.nec.imperdiet@etmagnisdis.edu',46,'69914137'),(47,'Suki Coleman','lorem@luctus.net',47,'35825303'),(48,'Shelby Douglas','cursus@ullamcorpernislarcu.co.uk',48,'44155736'),(49,'Declan Clemons','Pellentesque@semper.co.uk',49,'59407563'),(50,'Alan Delaney','Pellentesque.ultricies@erat.org',50,'85978855'),(51,'Hector Oneil','pede@malesuada.org',51,'77690218'),(52,'Kendall Sykes','amet@eratVivamus.ca',52,'42634574'),(53,'Tamekah Moreno','tempor.bibendum.Donec@Aliquam.ca',53,'92196025'),(54,'Steel Cochran','montes.nascetur.ridiculus@Aenean.co.uk',54,'01020915'),(55,'Buffy Bray','molestie.dapibus.ligula@DuisgravidaPraesent.net',55,'48784580'),(56,'Kadeem Mendez','non.dapibus.rutrum@ultricesiaculis.com',56,'67881825'),(57,'Wilma Leonard','lectus.Nullam.suscipit@amet.co.uk',57,'56714300'),(58,'Joseph Stephenson','Proin@Nulladignissim.edu',58,'51777543'),(59,'Imani Morse','Fusce.aliquet.magna@laoreetlectusquis.net',59,'27602633'),(60,'Jarrod Graves','litora.torquent.per@eros.com',60,'05522487'),(61,'Jessica Foster','erat.Etiam.vestibulum@purusaccumsaninterdum.net',61,'43263884'),(62,'Evan Campos','nibh.vulputate@tincidunt.ca',62,'43004069'),(63,'Ivan Grimes','gravida.sagittis@Pellentesquetincidunt.co.uk',63,'45100676'),(64,'Heidi Mccullough','nunc@justofaucibuslectus.edu',64,'94344661'),(65,'Cally Madden','a@acmattisornare.org',65,'75955881'),(66,'Hiram Cannon','vulputate.nisi@diamnunc.co.uk',66,'63085060'),(67,'Brady Huber','Nam.tempor@semmolestiesodales.ca',67,'03752972'),(68,'Hayfa Vega','augue@diamvel.com',68,'43834425'),(69,'Xerxes Dawson','Maecenas.malesuada.fringilla@magna.com',69,'68067407'),(70,'Britanney Gomez','pede@sagittissemper.com',70,'91247426'),(71,'Blaine Brown','Aenean@Craslorem.org',71,'40708307'),(72,'Nehru Powell','ligula.eu@bibendum.com',72,'19377615'),(73,'Patrick Kirkland','tortor@nislsem.net',73,'22006950'),(74,'Amber Schmidt','libero.Proin.mi@Vestibulumante.org',74,'55508748'),(75,'Anika Conner','vitae.odio.sagittis@amet.net',75,'76983434'),(76,'Quincy Mcpherson','tempor@maurissitamet.edu',76,'04258299'),(77,'Chiquita Cote','Suspendisse.ac@mi.net',77,'16906072'),(78,'Geoffrey Oneil','quam@estNunc.com',78,'07493837'),(79,'Knox Young','consectetuer.mauris.id@accumsanlaoreetipsum.edu',79,'64364377'),(80,'Devin Woodard','erat.nonummy.ultricies@ridiculusmus.org',80,'56934054'),(81,'Maryam Gates','fermentum.metus@orciluctus.edu',81,'39426359'),(82,'Kamal Norton','erat.nonummy.ultricies@Integerinmagna.edu',82,'87795344'),(83,'Callum Clay','amet.consectetuer.adipiscing@Proinegetodio.com',83,'35610872'),(84,'Bevis Vega','iaculis.nec.eleifend@vel.net',84,'86679807'),(85,'Anika Hoffman','a.enim@scelerisquelorem.edu',85,'10133422'),(86,'Hashim Morton','sagittis.augue.eu@magna.com',86,'05897573'),(87,'Chandler Sherman','turpis@interdumligulaeu.net',87,'96890083'),(88,'Driscoll Coffey','eget.dictum.placerat@dapibus.edu',88,'59624990'),(89,'Serena Collins','nunc.interdum.feugiat@Nullamnisl.com',89,'95476454'),(90,'Jonas Mcmahon','eget.ipsum@odioNam.edu',90,'12777728'),(91,'Anthony Washington','posuere.enim@odiosempercursus.org',91,'35124777'),(92,'Hiram Abbott','metus.Vivamus@maurisut.org',92,'91965973'),(93,'Christine Griffith','mi.lorem@arcu.co.uk',93,'31155830'),(94,'Garrett Cole','lobortis.ultrices.Vivamus@justositamet.co.uk',94,'35166641'),(95,'Damian Burt','volutpat.ornare@velitduisemper.net',95,'97215660'),(96,'Avram Fuentes','parturient.montes@eratVivamus.co.uk',96,'48301478'),(97,'Carla Moody','ornare.elit.elit@orcisemeget.com',97,'59168923'),(98,'Mia Mosley','odio.Etiam.ligula@dui.com',98,'77318042'),(99,'Kasper Fischer','odio@luctuset.ca',99,'60605541'),(100,'Brian Christian','aliquam@hymenaeosMaurisut.net',100,'85772945');
/*!40000 ALTER TABLE `Users` ENABLE KEYS */;
UNLOCK TABLES;
/*!40103 SET TIME_ZONE=@OLD_TIME_ZONE */;

/*!40101 SET SQL_MODE=@OLD_SQL_MODE */;
/*!40014 SET FOREIGN_KEY_CHECKS=@OLD_FOREIGN_KEY_CHECKS */;
/*!40014 SET UNIQUE_CHECKS=@OLD_UNIQUE_CHECKS */;
/*!40101 SET CHARACTER_SET_CLIENT=@OLD_CHARACTER_SET_CLIENT */;
/*!40101 SET CHARACTER_SET_RESULTS=@OLD_CHARACTER_SET_RESULTS */;
/*!40101 SET COLLATION_CONNECTION=@OLD_COLLATION_CONNECTION */;
/*!40111 SET SQL_NOTES=@OLD_SQL_NOTES */;

-- Dump completed on 2019-05-04 15:19:06
